/****** Object:  Table [dbo].[PageTranslatableLabels]    Script Date: 06/10/2017 17:21:53 ******/
INSERT [dbo].[PageTranslatableLabels] ([PageCode], [Label], [Caption], [OrderID]) VALUES (N'A.01', N'AboutUsTitle', N'About Us Title', 10)
INSERT [dbo].[PageTranslatableLabels] ([PageCode], [Label], [Caption], [OrderID]) VALUES (N'A.01', N'ContactMenu', N'Contact Menu', 3)
INSERT [dbo].[PageTranslatableLabels] ([PageCode], [Label], [Caption], [OrderID]) VALUES (N'A.01', N'ContactUsTitle', N'Contact Us Title', 14)
INSERT [dbo].[PageTranslatableLabels] ([PageCode], [Label], [Caption], [OrderID]) VALUES (N'A.01', N'FindJobButtonText', N'Find Job Button', 8)
INSERT [dbo].[PageTranslatableLabels] ([PageCode], [Label], [Caption], [OrderID]) VALUES (N'A.01', N'HomeMenu', N'Home Menu', 1)
INSERT [dbo].[PageTranslatableLabels] ([PageCode], [Label], [Caption], [OrderID]) VALUES (N'A.01', N'JobCategoryTitle', N'Job Category Title', 9)
INSERT [dbo].[PageTranslatableLabels] ([PageCode], [Label], [Caption], [OrderID]) VALUES (N'A.01', N'JobOpportunitiesMenu', N'Job Opportunities Menu', 2)
INSERT [dbo].[PageTranslatableLabels] ([PageCode], [Label], [Caption], [OrderID]) VALUES (N'A.01', N'LoginMenu', N'Login Menu', 5)
INSERT [dbo].[PageTranslatableLabels] ([PageCode], [Label], [Caption], [OrderID]) VALUES (N'A.01', N'OpeningText', N'Opening Text', 7)
INSERT [dbo].[PageTranslatableLabels] ([PageCode], [Label], [Caption], [OrderID]) VALUES (N'A.01', N'OpeningTextTitle', N'Opening Title', 6)
INSERT [dbo].[PageTranslatableLabels] ([PageCode], [Label], [Caption], [OrderID]) VALUES (N'A.01', N'OurStoryContent', N'Our Story Content', 13)
INSERT [dbo].[PageTranslatableLabels] ([PageCode], [Label], [Caption], [OrderID]) VALUES (N'A.01', N'OurStorySubTitle', N'Our Story Sub Title', 12)
INSERT [dbo].[PageTranslatableLabels] ([PageCode], [Label], [Caption], [OrderID]) VALUES (N'A.01', N'OurStoryTitle', N'Our Story Title', 11)
INSERT [dbo].[PageTranslatableLabels] ([PageCode], [Label], [Caption], [OrderID]) VALUES (N'A.01', N'SignUpMenu', N'Sign Up Menu', 4)
INSERT [dbo].[PageTranslatableLabels] ([PageCode], [Label], [Caption], [OrderID]) VALUES (N'A.02', N'attachmentFrameModel_AttachmentLabel', N'attachmentFrameModel_AttachmentLabel', 61)
INSERT [dbo].[PageTranslatableLabels] ([PageCode], [Label], [Caption], [OrderID]) VALUES (N'A.02', N'attachmentFrameModel_NotesLabel', N'attachmentFrameModel_NotesLabel', 62)
INSERT [dbo].[PageTranslatableLabels] ([PageCode], [Label], [Caption], [OrderID]) VALUES (N'A.02', N'attachmentFrameModel_Title', N'attachmentFrameModel_Title', 71)
INSERT [dbo].[PageTranslatableLabels] ([PageCode], [Label], [Caption], [OrderID]) VALUES (N'A.02', N'awardFrameModel_DescriptionLabel', N'awardFrameModel_DescriptionLabel', 55)
INSERT [dbo].[PageTranslatableLabels] ([PageCode], [Label], [Caption], [OrderID]) VALUES (N'A.02', N'awardFrameModel_Title', N'awardFrameModel_Title', 69)
INSERT [dbo].[PageTranslatableLabels] ([PageCode], [Label], [Caption], [OrderID]) VALUES (N'A.02', N'awardFrameModel_TitleLabel', N'awardFrameModel_TitleLabel', 54)
INSERT [dbo].[PageTranslatableLabels] ([PageCode], [Label], [Caption], [OrderID]) VALUES (N'A.02', N'awardFrameModel_YearLabel', N'awardFrameModel_YearLabel', 53)
INSERT [dbo].[PageTranslatableLabels] ([PageCode], [Label], [Caption], [OrderID]) VALUES (N'A.02', N'ButtonAttachmentLabel', N'ButtonAttachmentLabel', 9)
INSERT [dbo].[PageTranslatableLabels] ([PageCode], [Label], [Caption], [OrderID]) VALUES (N'A.02', N'ButtonAwardLabel', N'ButtonAwardLabel', 7)
INSERT [dbo].[PageTranslatableLabels] ([PageCode], [Label], [Caption], [OrderID]) VALUES (N'A.02', N'ButtonExperienceLabel', N'ButtonExperienceLabel', 4)
INSERT [dbo].[PageTranslatableLabels] ([PageCode], [Label], [Caption], [OrderID]) VALUES (N'A.02', N'ButtonHobbyAndInterestLabel', N'ButtonHobbyAndInterestLabel', 3)
INSERT [dbo].[PageTranslatableLabels] ([PageCode], [Label], [Caption], [OrderID]) VALUES (N'A.02', N'ButtonSkillLabel', N'ButtonSkillLabel', 5)
INSERT [dbo].[PageTranslatableLabels] ([PageCode], [Label], [Caption], [OrderID]) VALUES (N'A.02', N'ButtonTrainingLabel', N'ButtonTrainingLabel', 8)
INSERT [dbo].[PageTranslatableLabels] ([PageCode], [Label], [Caption], [OrderID]) VALUES (N'A.02', N'CategoryExpectedSalaryLabel', N'CategoryExpectedSalaryLabel', 13)
INSERT [dbo].[PageTranslatableLabels] ([PageCode], [Label], [Caption], [OrderID]) VALUES (N'A.02', N'CategoryPriorNotificationLabel', N'CategoryPriorNotificationLabel', 14)
INSERT [dbo].[PageTranslatableLabels] ([PageCode], [Label], [Caption], [OrderID]) VALUES (N'A.02', N'CategoryWillingAssignedLabel', N'CategoryWillingAssignedLabel', 15)
INSERT [dbo].[PageTranslatableLabels] ([PageCode], [Label], [Caption], [OrderID]) VALUES (N'A.02', N'ChangePassword', N'ChangePassword', 2)
INSERT [dbo].[PageTranslatableLabels] ([PageCode], [Label], [Caption], [OrderID]) VALUES (N'A.02', N'ChangePasswordButton', N'ChangePasswordButton', 12)
INSERT [dbo].[PageTranslatableLabels] ([PageCode], [Label], [Caption], [OrderID]) VALUES (N'A.02', N'EditPhotoButton', N'EditPhotoButton', 11)
INSERT [dbo].[PageTranslatableLabels] ([PageCode], [Label], [Caption], [OrderID]) VALUES (N'A.02', N'EditProfileButton', N'EditProfileButton', 10)
INSERT [dbo].[PageTranslatableLabels] ([PageCode], [Label], [Caption], [OrderID]) VALUES (N'A.02', N'educationFrameModel_CountryLabel', N'educationFrameModel_CountryLabel', 38)
INSERT [dbo].[PageTranslatableLabels] ([PageCode], [Label], [Caption], [OrderID]) VALUES (N'A.02', N'educationFrameModel_EducationLevelLabel', N'educationFrameModel_EducationLevelLabel', 36)
INSERT [dbo].[PageTranslatableLabels] ([PageCode], [Label], [Caption], [OrderID]) VALUES (N'A.02', N'educationFrameModel_FieldOfStudyLabel', N'educationFrameModel_FieldOfStudyLabel', 41)
INSERT [dbo].[PageTranslatableLabels] ([PageCode], [Label], [Caption], [OrderID]) VALUES (N'A.02', N'educationFrameModel_GPALabel', N'educationFrameModel_GPALabel', 43)
INSERT [dbo].[PageTranslatableLabels] ([PageCode], [Label], [Caption], [OrderID]) VALUES (N'A.02', N'educationFrameModel_GPAOutOfLabel', N'educationFrameModel_GPAOutOfLabel', 44)
INSERT [dbo].[PageTranslatableLabels] ([PageCode], [Label], [Caption], [OrderID]) VALUES (N'A.02', N'educationFrameModel_InstitutionLabel', N'educationFrameModel_InstitutionLabel', 40)
INSERT [dbo].[PageTranslatableLabels] ([PageCode], [Label], [Caption], [OrderID]) VALUES (N'A.02', N'educationFrameModel_LocationLabel', N'educationFrameModel_LocationLabel', 39)
INSERT [dbo].[PageTranslatableLabels] ([PageCode], [Label], [Caption], [OrderID]) VALUES (N'A.02', N'educationFrameModel_MajorLabel', N'educationFrameModel_MajorLabel', 42)
INSERT [dbo].[PageTranslatableLabels] ([PageCode], [Label], [Caption], [OrderID]) VALUES (N'A.02', N'educationFrameModel_Title', N'educationFrameModel_Title', 65)
INSERT [dbo].[PageTranslatableLabels] ([PageCode], [Label], [Caption], [OrderID]) VALUES (N'A.02', N'educationFrameModel_YearLabel', N'educationFrameModel_YearLabel', 37)
INSERT [dbo].[PageTranslatableLabels] ([PageCode], [Label], [Caption], [OrderID]) VALUES (N'A.02', N'experienceFrameModel_JobDescriptionLabel', N'experienceFrameModel_JobDescriptionLabel', 48)
INSERT [dbo].[PageTranslatableLabels] ([PageCode], [Label], [Caption], [OrderID]) VALUES (N'A.02', N'experienceFrameModel_OrganizationNameLabel', N'experienceFrameModel_OrganizationNameLabel', 46)
INSERT [dbo].[PageTranslatableLabels] ([PageCode], [Label], [Caption], [OrderID]) VALUES (N'A.02', N'experienceFrameModel_PositionLabel', N'experienceFrameModel_PositionLabel', 47)
INSERT [dbo].[PageTranslatableLabels] ([PageCode], [Label], [Caption], [OrderID]) VALUES (N'A.02', N'experienceFrameModel_SalaryLabel', N'experienceFrameModel_SalaryLabel', 49)
INSERT [dbo].[PageTranslatableLabels] ([PageCode], [Label], [Caption], [OrderID]) VALUES (N'A.02', N'experienceFrameModel_Title', N'experienceFrameModel_Title', 66)
INSERT [dbo].[PageTranslatableLabels] ([PageCode], [Label], [Caption], [OrderID]) VALUES (N'A.02', N'experienceFrameModel_YearLabel', N'experienceFrameModel_YearLabel', 45)
INSERT [dbo].[PageTranslatableLabels] ([PageCode], [Label], [Caption], [OrderID]) VALUES (N'A.02', N'hobbyInterestFrameModel_DescriptionLabel', N'hobbyInterestFrameModel_DescriptionLabel', 52)
INSERT [dbo].[PageTranslatableLabels] ([PageCode], [Label], [Caption], [OrderID]) VALUES (N'A.02', N'hobbyInterestFrameModel_Title', N'hobbyInterestFrameModel_Title', 68)
INSERT [dbo].[PageTranslatableLabels] ([PageCode], [Label], [Caption], [OrderID]) VALUES (N'A.02', N'MyApplicationMenu', N'MyApplicationMenu', 1)
INSERT [dbo].[PageTranslatableLabels] ([PageCode], [Label], [Caption], [OrderID]) VALUES (N'A.02', N'personalInfoFrameModel_AddressLabel', N'personalInfoFrameModel_AddressLabel', 28)
INSERT [dbo].[PageTranslatableLabels] ([PageCode], [Label], [Caption], [OrderID]) VALUES (N'A.02', N'personalInfoFrameModel_BirthDateLabel', N'personalInfoFrameModel_BirthDateLabel', 21)
INSERT [dbo].[PageTranslatableLabels] ([PageCode], [Label], [Caption], [OrderID]) VALUES (N'A.02', N'personalInfoFrameModel_BirthPlaceLabel', N'personalInfoFrameModel_BirthPlaceLabel', 22)
INSERT [dbo].[PageTranslatableLabels] ([PageCode], [Label], [Caption], [OrderID]) VALUES (N'A.02', N'personalInfoFrameModel_CityLabel', N'personalInfoFrameModel_CityLabel', 29)
INSERT [dbo].[PageTranslatableLabels] ([PageCode], [Label], [Caption], [OrderID]) VALUES (N'A.02', N'personalInfoFrameModel_DesiredSalaryLabel', N'personalInfoFrameModel_DesiredSalaryLabel', 30)
INSERT [dbo].[PageTranslatableLabels] ([PageCode], [Label], [Caption], [OrderID]) VALUES (N'A.02', N'personalInfoFrameModel_EmailLabel', N'personalInfoFrameModel_EmailLabel', 23)
INSERT [dbo].[PageTranslatableLabels] ([PageCode], [Label], [Caption], [OrderID]) VALUES (N'A.02', N'personalInfoFrameModel_FacebookLabel', N'personalInfoFrameModel_FacebookLabel', 33)
INSERT [dbo].[PageTranslatableLabels] ([PageCode], [Label], [Caption], [OrderID]) VALUES (N'A.02', N'personalInfoFrameModel_FirstNameLabel', N'personalInfoFrameModel_FirstNameLabel', 17)
INSERT [dbo].[PageTranslatableLabels] ([PageCode], [Label], [Caption], [OrderID]) VALUES (N'A.02', N'personalInfoFrameModel_GenderLabel', N'personalInfoFrameModel_GenderLabel', 19)
INSERT [dbo].[PageTranslatableLabels] ([PageCode], [Label], [Caption], [OrderID]) VALUES (N'A.02', N'personalInfoFrameModel_IDNumberLabel', N'personalInfoFrameModel_IDNumberLabel', 27)
INSERT [dbo].[PageTranslatableLabels] ([PageCode], [Label], [Caption], [OrderID]) VALUES (N'A.02', N'personalInfoFrameModel_LastNameLabel', N'personalInfoFrameModel_LastNameLabel', 18)
INSERT [dbo].[PageTranslatableLabels] ([PageCode], [Label], [Caption], [OrderID]) VALUES (N'A.02', N'personalInfoFrameModel_LinkedInLabel', N'personalInfoFrameModel_LinkedInLabel', 35)
INSERT [dbo].[PageTranslatableLabels] ([PageCode], [Label], [Caption], [OrderID]) VALUES (N'A.02', N'personalInfoFrameModel_MaritalStatusLabel', N'personalInfoFrameModel_MaritalStatusLabel', 20)
INSERT [dbo].[PageTranslatableLabels] ([PageCode], [Label], [Caption], [OrderID]) VALUES (N'A.02', N'personalInfoFrameModel_NationalityLabel', N'personalInfoFrameModel_NationalityLabel', 26)
INSERT [dbo].[PageTranslatableLabels] ([PageCode], [Label], [Caption], [OrderID]) VALUES (N'A.02', N'personalInfoFrameModel_PhoneLabel', N'personalInfoFrameModel_PhoneLabel', 24)
INSERT [dbo].[PageTranslatableLabels] ([PageCode], [Label], [Caption], [OrderID]) VALUES (N'A.02', N'personalInfoFrameModel_PlacedInDifferentCitiesLabel', N'personalInfoFrameModel_PlacedInDifferentCitiesLabel', 31)
INSERT [dbo].[PageTranslatableLabels] ([PageCode], [Label], [Caption], [OrderID]) VALUES (N'A.02', N'personalInfoFrameModel_PriorNotificationLabel', N'personalInfoFrameModel_PriorNotificationLabel', 32)
INSERT [dbo].[PageTranslatableLabels] ([PageCode], [Label], [Caption], [OrderID]) VALUES (N'A.02', N'personalInfoFrameModel_ReligionLabel', N'personalInfoFrameModel_ReligionLabel', 25)
INSERT [dbo].[PageTranslatableLabels] ([PageCode], [Label], [Caption], [OrderID]) VALUES (N'A.02', N'personalInfoFrameModel_Title', N'personalInfoFrameModel_Title', 64)
INSERT [dbo].[PageTranslatableLabels] ([PageCode], [Label], [Caption], [OrderID]) VALUES (N'A.02', N'personalInfoFrameModel_TwitterLabel', N'personalInfoFrameModel_TwitterLabel', 34)
INSERT [dbo].[PageTranslatableLabels] ([PageCode], [Label], [Caption], [OrderID]) VALUES (N'A.02', N'photoFrameModel_Title', N'photoFrameModel_Title', 63)
INSERT [dbo].[PageTranslatableLabels] ([PageCode], [Label], [Caption], [OrderID]) VALUES (N'A.02', N'photoFrameModel_UploadPhoto', N'photoFrameModel_UploadPhoto', 16)
INSERT [dbo].[PageTranslatableLabels] ([PageCode], [Label], [Caption], [OrderID]) VALUES (N'A.02', N'skillFrameModel_ProficiencyLabel', N'skillFrameModel_ProficiencyLabel', 51)
INSERT [dbo].[PageTranslatableLabels] ([PageCode], [Label], [Caption], [OrderID]) VALUES (N'A.02', N'skillFrameModel_SkillNameLabel', N'skillFrameModel_SkillNameLabel', 50)
INSERT [dbo].[PageTranslatableLabels] ([PageCode], [Label], [Caption], [OrderID]) VALUES (N'A.02', N'skillFrameModel_Title', N'skillFrameModel_Title', 67)
INSERT [dbo].[PageTranslatableLabels] ([PageCode], [Label], [Caption], [OrderID]) VALUES (N'A.02', N'trainingFrameModel_DescriptionLabel', N'trainingFrameModel_DescriptionLabel', 60)
INSERT [dbo].[PageTranslatableLabels] ([PageCode], [Label], [Caption], [OrderID]) VALUES (N'A.02', N'trainingFrameModel_ProfessionalCertifiedLabel', N'trainingFrameModel_ProfessionalCertifiedLabel', 59)
INSERT [dbo].[PageTranslatableLabels] ([PageCode], [Label], [Caption], [OrderID]) VALUES (N'A.02', N'trainingFrameModel_Title', N'trainingFrameModel_Title', 70)
INSERT [dbo].[PageTranslatableLabels] ([PageCode], [Label], [Caption], [OrderID]) VALUES (N'A.02', N'trainingFrameModel_TitleLabel', N'trainingFrameModel_TitleLabel', 57)
INSERT [dbo].[PageTranslatableLabels] ([PageCode], [Label], [Caption], [OrderID]) VALUES (N'A.02', N'trainingFrameModel_TrainingProviderLabel', N'trainingFrameModel_TrainingProviderLabel', 58)
INSERT [dbo].[PageTranslatableLabels] ([PageCode], [Label], [Caption], [OrderID]) VALUES (N'A.02', N'trainingFrameModel_YearLabel', N'trainingFrameModel_YearLabel', 56)
INSERT [dbo].[PageTranslatableLabels] ([PageCode], [Label], [Caption], [OrderID]) VALUES (N'P.01', N'CompanyFilterLabel', N'Company Filter', 1)
INSERT [dbo].[PageTranslatableLabels] ([PageCode], [Label], [Caption], [OrderID]) VALUES (N'P.01', N'JobCategoryFilterLabel', N'Job Category Filter', 2)
INSERT [dbo].[PageTranslatableLabels] ([PageCode], [Label], [Caption], [OrderID]) VALUES (N'P.01', N'WorkLocationFilterLabel', N'Work Location Filter', 2)
INSERT [dbo].[PageTranslatableLabels] ([PageCode], [Label], [Caption], [OrderID]) VALUES (N'P.02', N'ForgotPasswordLabel', N'Forgot Pass. Label', 3)
INSERT [dbo].[PageTranslatableLabels] ([PageCode], [Label], [Caption], [OrderID]) VALUES (N'P.02', N'LinkedInButton', N'LinkedIn Button', 6)
INSERT [dbo].[PageTranslatableLabels] ([PageCode], [Label], [Caption], [OrderID]) VALUES (N'P.02', N'LoginButton', N'Login Button', 4)
INSERT [dbo].[PageTranslatableLabels] ([PageCode], [Label], [Caption], [OrderID]) VALUES (N'P.02', N'LoginFacebookButton', N'Facebook Button', 5)
INSERT [dbo].[PageTranslatableLabels] ([PageCode], [Label], [Caption], [OrderID]) VALUES (N'P.02', N'LoginTitle', N'Login Title', 1)
INSERT [dbo].[PageTranslatableLabels] ([PageCode], [Label], [Caption], [OrderID]) VALUES (N'P.02', N'SignUpLabel', N'Sign Up Label', 2)
INSERT [dbo].[PageTranslatableLabels] ([PageCode], [Label], [Caption], [OrderID]) VALUES (N'P.03', N'SignUpButton', N'Sign Up Button', 2)
INSERT [dbo].[PageTranslatableLabels] ([PageCode], [Label], [Caption], [OrderID]) VALUES (N'P.03', N'SignUpTitle', N'Sign Up Title', 1)
INSERT [dbo].[PageTranslatableLabels] ([PageCode], [Label], [Caption], [OrderID]) VALUES (N'P.06', N'ApplyButton', N'Apply Button', 8)
INSERT [dbo].[PageTranslatableLabels] ([PageCode], [Label], [Caption], [OrderID]) VALUES (N'P.06', N'CategoryTitle', N'Category Title', 1)
INSERT [dbo].[PageTranslatableLabels] ([PageCode], [Label], [Caption], [OrderID]) VALUES (N'P.06', N'ExpiredDateTitle', N'Expired Date Title', 7)
INSERT [dbo].[PageTranslatableLabels] ([PageCode], [Label], [Caption], [OrderID]) VALUES (N'P.06', N'IndustryTitle', N'Industry Title', 5)
INSERT [dbo].[PageTranslatableLabels] ([PageCode], [Label], [Caption], [OrderID]) VALUES (N'P.06', N'JobDescriptionTitle', N'Job Description Title', 4)
INSERT [dbo].[PageTranslatableLabels] ([PageCode], [Label], [Caption], [OrderID]) VALUES (N'P.06', N'PublishDateTitle', N'Publish Date Title', 6)
GO
print 'Processed 100 total records'
INSERT [dbo].[PageTranslatableLabels] ([PageCode], [Label], [Caption], [OrderID]) VALUES (N'P.06', N'RequirementTitle', N'Requirement Title', 3)
INSERT [dbo].[PageTranslatableLabels] ([PageCode], [Label], [Caption], [OrderID]) VALUES (N'P.06', N'SalaryTitle', N'Salary Title', 2)
/****** Object:  Table [dbo].[PageTranslatableLabelContents]    Script Date: 06/10/2017 17:21:53 ******/
INSERT [dbo].[PageTranslatableLabelContents] ([CompanyCode], [PageCode], [Label], [IDText], [ENText], [OrderID]) VALUES (N'CC', N'A.01', N'AboutUsTitle', N'Tentang Kami', N'About Us', 0)
INSERT [dbo].[PageTranslatableLabelContents] ([CompanyCode], [PageCode], [Label], [IDText], [ENText], [OrderID]) VALUES (N'CC', N'A.01', N'ContactMenu', N'Kontak Kami', N'Contact Us', 0)
INSERT [dbo].[PageTranslatableLabelContents] ([CompanyCode], [PageCode], [Label], [IDText], [ENText], [OrderID]) VALUES (N'CC', N'A.01', N'ContactUsTitle', N'Hubungi Kami', N'Contact Us', 0)
INSERT [dbo].[PageTranslatableLabelContents] ([CompanyCode], [PageCode], [Label], [IDText], [ENText], [OrderID]) VALUES (N'CC', N'A.01', N'FindJobButtonText', N'Cari Pekerjaan', N'Apply Jobs', 0)
INSERT [dbo].[PageTranslatableLabelContents] ([CompanyCode], [PageCode], [Label], [IDText], [ENText], [OrderID]) VALUES (N'CC', N'A.01', N'HomeMenu', N'Beranda', N'Home', 0)
INSERT [dbo].[PageTranslatableLabelContents] ([CompanyCode], [PageCode], [Label], [IDText], [ENText], [OrderID]) VALUES (N'CC', N'A.01', N'JobCategoryTitle', N'Kategori Pekerjaan', N'Job Categories', 0)
INSERT [dbo].[PageTranslatableLabelContents] ([CompanyCode], [PageCode], [Label], [IDText], [ENText], [OrderID]) VALUES (N'CC', N'A.01', N'JobOpportunitiesMenu', N'Peluang Kerja', N'Job Opportunities', 0)
INSERT [dbo].[PageTranslatableLabelContents] ([CompanyCode], [PageCode], [Label], [IDText], [ENText], [OrderID]) VALUES (N'CC', N'A.01', N'LoginMenu', N'Masuk', N'Login', 0)
INSERT [dbo].[PageTranslatableLabelContents] ([CompanyCode], [PageCode], [Label], [IDText], [ENText], [OrderID]) VALUES (N'CC', N'A.01', N'OpeningText', N'Neque porro quisquam est qui dolorem ipsum quia dolor sit amet, consectetur, adipisci velit...', N'Neque porro quisquam est qui dolorem ipsum quia dolor sit amet, consectetur, adipisci velit...', 0)
INSERT [dbo].[PageTranslatableLabelContents] ([CompanyCode], [PageCode], [Label], [IDText], [ENText], [OrderID]) VALUES (N'CC', N'A.01', N'OpeningTextTitle', N'Lorem Ipsum', N'Lorem Ipsum', 0)
INSERT [dbo].[PageTranslatableLabelContents] ([CompanyCode], [PageCode], [Label], [IDText], [ENText], [OrderID]) VALUES (N'CC', N'A.01', N'OurStoryContent', N'At vero eos et accusamus et iusto odio dignissimos ducimus qui blanditiis praesentium voluptatum deleniti atque corrupti quos dolores et quas molestias excepturi sint occaecati cupiditate non provident, similique sunt in culpa qui officia deserunt mollitia animi, id est laborum et dolorum fuga. Et harum quidem rerum facilis est et expedita distinctio. Nam libero tempore, cum soluta nobis est eligendi optio cumque nihil impedit quo minus id quod maxime placeat facere possimus, omnis voluptas assumenda est, omnis dolor repellendus. Temporibus autem quibusdam et aut officiis debitis aut rerum necessitatibus saepe eveniet ut et voluptates repudiandae sint et molestiae non recusandae. Itaque earum rerum hic tenetur a sapiente delectus, ut aut reiciendis voluptatibus maiores alias consequatur aut perferendis doloribus asperiores repellat.', N'At vero eos et accusamus et iusto odio dignissimos ducimus qui blanditiis praesentium voluptatum deleniti atque corrupti quos dolores et quas molestias excepturi sint occaecati cupiditate non provident, similique sunt in culpa qui officia deserunt mollitia animi, id est laborum et dolorum fuga. Et harum quidem rerum facilis est et expedita distinctio. Nam libero tempore, cum soluta nobis est eligendi optio cumque nihil impedit quo minus id quod maxime placeat facere possimus, omnis voluptas assumenda est, omnis dolor repellendus. Temporibus autem quibusdam et aut officiis debitis aut rerum necessitatibus saepe eveniet ut et voluptates repudiandae sint et molestiae non recusandae. Itaque earum rerum hic tenetur a sapiente delectus, ut aut reiciendis voluptatibus maiores alias consequatur aut perferendis doloribus asperiores repellat.', 0)
INSERT [dbo].[PageTranslatableLabelContents] ([CompanyCode], [PageCode], [Label], [IDText], [ENText], [OrderID]) VALUES (N'CC', N'A.01', N'OurStorySubTitle', N'-', N'-', 0)
INSERT [dbo].[PageTranslatableLabelContents] ([CompanyCode], [PageCode], [Label], [IDText], [ENText], [OrderID]) VALUES (N'CC', N'A.01', N'OurStoryTitle', N'Cerita Kami', N'Our Story', 0)
INSERT [dbo].[PageTranslatableLabelContents] ([CompanyCode], [PageCode], [Label], [IDText], [ENText], [OrderID]) VALUES (N'CC', N'A.01', N'SignUpMenu', N'Daftar', N'Sign Up', 0)
INSERT [dbo].[PageTranslatableLabelContents] ([CompanyCode], [PageCode], [Label], [IDText], [ENText], [OrderID]) VALUES (N'CC', N'P.01', N'CompanyFilterLabel', N'Perusahaan', N'Company', 0)
INSERT [dbo].[PageTranslatableLabelContents] ([CompanyCode], [PageCode], [Label], [IDText], [ENText], [OrderID]) VALUES (N'CC', N'P.01', N'JobCategoryFilterLabel', N'Kategori', N'Category', 0)
INSERT [dbo].[PageTranslatableLabelContents] ([CompanyCode], [PageCode], [Label], [IDText], [ENText], [OrderID]) VALUES (N'CC', N'P.01', N'WorkLocationFilterLabel', N'Lokasi Kerja', N'Work Location', 0)
INSERT [dbo].[PageTranslatableLabelContents] ([CompanyCode], [PageCode], [Label], [IDText], [ENText], [OrderID]) VALUES (N'CC', N'P.02', N'ForgotPasswordLabel', N'Lupa Password', N'Forgot Password', 0)
INSERT [dbo].[PageTranslatableLabelContents] ([CompanyCode], [PageCode], [Label], [IDText], [ENText], [OrderID]) VALUES (N'CC', N'P.02', N'LinkedInButton', N'Login dengan LinkedIN', N'Login with LinkedIN', 0)
INSERT [dbo].[PageTranslatableLabelContents] ([CompanyCode], [PageCode], [Label], [IDText], [ENText], [OrderID]) VALUES (N'CC', N'P.02', N'LoginButton', N'Masuk', N'Login', 0)
INSERT [dbo].[PageTranslatableLabelContents] ([CompanyCode], [PageCode], [Label], [IDText], [ENText], [OrderID]) VALUES (N'CC', N'P.02', N'LoginFacebookButton', N'Login dengan Facebook', N'Login with Facebook', 0)
INSERT [dbo].[PageTranslatableLabelContents] ([CompanyCode], [PageCode], [Label], [IDText], [ENText], [OrderID]) VALUES (N'CC', N'P.02', N'LoginTitle', N'Masuk', N'Login', 0)
INSERT [dbo].[PageTranslatableLabelContents] ([CompanyCode], [PageCode], [Label], [IDText], [ENText], [OrderID]) VALUES (N'CC', N'P.02', N'SignUpLabel', N'Daftar', N'Sign Up', 0)
INSERT [dbo].[PageTranslatableLabelContents] ([CompanyCode], [PageCode], [Label], [IDText], [ENText], [OrderID]) VALUES (N'CC', N'P.03', N'SignUpButton', N'Daftar', N'Sign Up', 0)
INSERT [dbo].[PageTranslatableLabelContents] ([CompanyCode], [PageCode], [Label], [IDText], [ENText], [OrderID]) VALUES (N'CC', N'P.03', N'SignUpTitle', N'Daftar', N'Sign Up', 0)
INSERT [dbo].[PageTranslatableLabelContents] ([CompanyCode], [PageCode], [Label], [IDText], [ENText], [OrderID]) VALUES (N'CC', N'P.06', N'ApplyButton', N'Lamar', N'Apply', 0)
INSERT [dbo].[PageTranslatableLabelContents] ([CompanyCode], [PageCode], [Label], [IDText], [ENText], [OrderID]) VALUES (N'CC', N'P.06', N'CategoryTitle', N'Kategori', N'Category', 0)
INSERT [dbo].[PageTranslatableLabelContents] ([CompanyCode], [PageCode], [Label], [IDText], [ENText], [OrderID]) VALUES (N'CC', N'P.06', N'ExpiredDateTitle', N'Tanggal Selesai', N'Expired Date', 0)
INSERT [dbo].[PageTranslatableLabelContents] ([CompanyCode], [PageCode], [Label], [IDText], [ENText], [OrderID]) VALUES (N'CC', N'P.06', N'IndustryTitle', N'Industri', N'Industry', 0)
INSERT [dbo].[PageTranslatableLabelContents] ([CompanyCode], [PageCode], [Label], [IDText], [ENText], [OrderID]) VALUES (N'CC', N'P.06', N'JobDescriptionTitle', N'Deskripsi', N'Description', 0)
INSERT [dbo].[PageTranslatableLabelContents] ([CompanyCode], [PageCode], [Label], [IDText], [ENText], [OrderID]) VALUES (N'CC', N'P.06', N'PublishDateTitle', N'Tanggal Aktif', N'Publish Date', 0)
INSERT [dbo].[PageTranslatableLabelContents] ([CompanyCode], [PageCode], [Label], [IDText], [ENText], [OrderID]) VALUES (N'CC', N'P.06', N'RequirementTitle', N'Persyaratan', N'Requirement', 0)
INSERT [dbo].[PageTranslatableLabelContents] ([CompanyCode], [PageCode], [Label], [IDText], [ENText], [OrderID]) VALUES (N'CC', N'P.06', N'SalaryTitle', N'Gaji', N'Salary', 0)
/****** Object:  Table [dbo].[Pages]    Script Date: 06/10/2017 17:21:53 ******/
INSERT [dbo].[Pages] ([ID], [Name], [ParentID], [BaseURL], [SubURL], [PageName], [IsPublicPage], [IsApplicantPage], [IsRecruiterPage], [IsAdminPage], [IsTranslatable], [OrderID], [DataLangAttribute], [Active]) VALUES (N'A.01', N'Home', NULL, N'http://localhost:52615/', N'default.aspx', N'default.aspx', 1, 0, 0, 0, 1, 1, N'HomeMenu', 1)
INSERT [dbo].[Pages] ([ID], [Name], [ParentID], [BaseURL], [SubURL], [PageName], [IsPublicPage], [IsApplicantPage], [IsRecruiterPage], [IsAdminPage], [IsTranslatable], [OrderID], [DataLangAttribute], [Active]) VALUES (N'A.02', N'My Profile', NULL, N'http://localhost:52615/', N'applicant/applicant-profile.aspx', N'applicant-profile.aspx', 0, 0, 0, 0, 1, 3, NULL, 1)
INSERT [dbo].[Pages] ([ID], [Name], [ParentID], [BaseURL], [SubURL], [PageName], [IsPublicPage], [IsApplicantPage], [IsRecruiterPage], [IsAdminPage], [IsTranslatable], [OrderID], [DataLangAttribute], [Active]) VALUES (N'A.03', N'My Applications', NULL, N'http://localhost:52615/', N'applicant/myapplicationform.aspx', N'myapplicationform.aspx', 0, 1, 0, 0, 0, 4, N'MyApplicationMenu', 1)
INSERT [dbo].[Pages] ([ID], [Name], [ParentID], [BaseURL], [SubURL], [PageName], [IsPublicPage], [IsApplicantPage], [IsRecruiterPage], [IsAdminPage], [IsTranslatable], [OrderID], [DataLangAttribute], [Active]) VALUES (N'D.01', N'Setup', NULL, N'#', NULL, NULL, 0, 0, 0, 1, NULL, 97, NULL, 1)
INSERT [dbo].[Pages] ([ID], [Name], [ParentID], [BaseURL], [SubURL], [PageName], [IsPublicPage], [IsApplicantPage], [IsRecruiterPage], [IsAdminPage], [IsTranslatable], [OrderID], [DataLangAttribute], [Active]) VALUES (N'D.01.1', N'Recruiter Setting', N'D.01', N'http://localhost:52615/', N'recruiter/recruiter-setting.aspx', N'recruiter-setting.aspx', 0, 0, 0, 1, NULL, 10, NULL, 1)
INSERT [dbo].[Pages] ([ID], [Name], [ParentID], [BaseURL], [SubURL], [PageName], [IsPublicPage], [IsApplicantPage], [IsRecruiterPage], [IsAdminPage], [IsTranslatable], [OrderID], [DataLangAttribute], [Active]) VALUES (N'D.01.10', N'Email Templates', N'R.04', N'http://localhost:52615/', N'email/email-list.aspx', N'email-list.aspx', 0, 0, 0, 1, NULL, 8, NULL, 1)
INSERT [dbo].[Pages] ([ID], [Name], [ParentID], [BaseURL], [SubURL], [PageName], [IsPublicPage], [IsApplicantPage], [IsRecruiterPage], [IsAdminPage], [IsTranslatable], [OrderID], [DataLangAttribute], [Active]) VALUES (N'D.01.11', N'Language Settings', N'R.04', N'http://localhost:52615/', N'settings/pagelanguage.aspx', N'pagelanguage.aspx', 0, 0, 0, 1, NULL, 9, NULL, 1)
INSERT [dbo].[Pages] ([ID], [Name], [ParentID], [BaseURL], [SubURL], [PageName], [IsPublicPage], [IsApplicantPage], [IsRecruiterPage], [IsAdminPage], [IsTranslatable], [OrderID], [DataLangAttribute], [Active]) VALUES (N'D.01.2', N'License', N'R.04', N'http://localhost:52615/', N'recruiter/licensesetting.aspx', N'licsensesetting.aspx', 0, 0, 0, 0, NULL, 6, NULL, 0)
INSERT [dbo].[Pages] ([ID], [Name], [ParentID], [BaseURL], [SubURL], [PageName], [IsPublicPage], [IsApplicantPage], [IsRecruiterPage], [IsAdminPage], [IsTranslatable], [OrderID], [DataLangAttribute], [Active]) VALUES (N'D.01.5', N'Users & Roles', N'D.01', N'http://localhost:52615/', N'user/user-list.aspx', N'user-list.aspx', 0, 0, 1, 1, NULL, 9, NULL, 1)
INSERT [dbo].[Pages] ([ID], [Name], [ParentID], [BaseURL], [SubURL], [PageName], [IsPublicPage], [IsApplicantPage], [IsRecruiterPage], [IsAdminPage], [IsTranslatable], [OrderID], [DataLangAttribute], [Active]) VALUES (N'D.01.7', N'Companies', N'D.01', N'http://localhost:52615/', N'company/company-list.aspx', N'company-list.aspx', 0, 0, 0, 1, NULL, 1, NULL, 1)
INSERT [dbo].[Pages] ([ID], [Name], [ParentID], [BaseURL], [SubURL], [PageName], [IsPublicPage], [IsApplicantPage], [IsRecruiterPage], [IsAdminPage], [IsTranslatable], [OrderID], [DataLangAttribute], [Active]) VALUES (N'D.01.8', N'Survey Questions', N'R.04', N'http://localhost:52615/', N'recruiter/survey-question-list.aspx', N'survey-question-list.aspx', 0, 0, 1, 0, NULL, 7, NULL, 1)
INSERT [dbo].[Pages] ([ID], [Name], [ParentID], [BaseURL], [SubURL], [PageName], [IsPublicPage], [IsApplicantPage], [IsRecruiterPage], [IsAdminPage], [IsTranslatable], [OrderID], [DataLangAttribute], [Active]) VALUES (N'D.01.9', N'Recruitment Process', N'R.04', N'http://localhost:52615/', N'status/status-list.aspx', N'status-list.aspx', 0, 0, 0, 1, NULL, 2, NULL, 1)
INSERT [dbo].[Pages] ([ID], [Name], [ParentID], [BaseURL], [SubURL], [PageName], [IsPublicPage], [IsApplicantPage], [IsRecruiterPage], [IsAdminPage], [IsTranslatable], [OrderID], [DataLangAttribute], [Active]) VALUES (N'P.01', N'Job Opportunities', NULL, N'http://localhost:52615/', N'public/joblist.aspx', N'joblist.aspx', 1, 1, 0, 0, 1, 2, N'JobOpportunitiesMenu', 1)
INSERT [dbo].[Pages] ([ID], [Name], [ParentID], [BaseURL], [SubURL], [PageName], [IsPublicPage], [IsApplicantPage], [IsRecruiterPage], [IsAdminPage], [IsTranslatable], [OrderID], [DataLangAttribute], [Active]) VALUES (N'P.02', N'Login', NULL, N'http://localhost:52615/', N'public/login.aspx', N'login.aspx', 0, 0, 0, 0, 1, 3, NULL, 1)
INSERT [dbo].[Pages] ([ID], [Name], [ParentID], [BaseURL], [SubURL], [PageName], [IsPublicPage], [IsApplicantPage], [IsRecruiterPage], [IsAdminPage], [IsTranslatable], [OrderID], [DataLangAttribute], [Active]) VALUES (N'P.03', N'Sign Up', NULL, N'http://localhost:52615/', N'public/registration-form.aspx', N'registration-form.aspx', 0, 0, 0, 0, 1, 4, NULL, 1)
INSERT [dbo].[Pages] ([ID], [Name], [ParentID], [BaseURL], [SubURL], [PageName], [IsPublicPage], [IsApplicantPage], [IsRecruiterPage], [IsAdminPage], [IsTranslatable], [OrderID], [DataLangAttribute], [Active]) VALUES (N'P.04', N'Contact', NULL, N'http://localhost:52615/', N'default.aspx#contactus', N'default.aspx#contactus', 1, 0, 0, 0, 0, 5, N'ContactMenu', 1)
INSERT [dbo].[Pages] ([ID], [Name], [ParentID], [BaseURL], [SubURL], [PageName], [IsPublicPage], [IsApplicantPage], [IsRecruiterPage], [IsAdminPage], [IsTranslatable], [OrderID], [DataLangAttribute], [Active]) VALUES (N'P.05', N'Logout', NULL, N'http://localhost:52615/', N'default.aspx?logout=true', N'default.aspx?logout=true', 0, 1, 1, 0, NULL, 99, NULL, 1)
INSERT [dbo].[Pages] ([ID], [Name], [ParentID], [BaseURL], [SubURL], [PageName], [IsPublicPage], [IsApplicantPage], [IsRecruiterPage], [IsAdminPage], [IsTranslatable], [OrderID], [DataLangAttribute], [Active]) VALUES (N'P.06', N'Job Detail', NULL, N'http://localhost:52615/', N'default.aspx?logout=true', NULL, NULL, NULL, NULL, NULL, 1, 2, NULL, 1)
INSERT [dbo].[Pages] ([ID], [Name], [ParentID], [BaseURL], [SubURL], [PageName], [IsPublicPage], [IsApplicantPage], [IsRecruiterPage], [IsAdminPage], [IsTranslatable], [OrderID], [DataLangAttribute], [Active]) VALUES (N'P.07', N'Reset Password', NULL, N'#', NULL, NULL, 0, 1, 1, 0, NULL, 98, N'ChangePassword', 1)
INSERT [dbo].[Pages] ([ID], [Name], [ParentID], [BaseURL], [SubURL], [PageName], [IsPublicPage], [IsApplicantPage], [IsRecruiterPage], [IsAdminPage], [IsTranslatable], [OrderID], [DataLangAttribute], [Active]) VALUES (N'R.01', N'Job Req.', NULL, N'http://localhost:52615/', N'recruiter/job-requisition-list.aspx', N'job-requisition-list.aspx', 0, 0, 1, 0, NULL, 2, NULL, 1)
INSERT [dbo].[Pages] ([ID], [Name], [ParentID], [BaseURL], [SubURL], [PageName], [IsPublicPage], [IsApplicantPage], [IsRecruiterPage], [IsAdminPage], [IsTranslatable], [OrderID], [DataLangAttribute], [Active]) VALUES (N'R.02', N'Applicants', NULL, N'http://localhost:52615/', N'user/applicant-list.aspx', N'applicant-list.aspx', 0, 0, 1, 0, NULL, 3, NULL, 1)
INSERT [dbo].[Pages] ([ID], [Name], [ParentID], [BaseURL], [SubURL], [PageName], [IsPublicPage], [IsApplicantPage], [IsRecruiterPage], [IsAdminPage], [IsTranslatable], [OrderID], [DataLangAttribute], [Active]) VALUES (N'R.03', N'Reports', NULL, N'#', NULL, NULL, 0, 0, 1, 1, NULL, 4, NULL, 1)
INSERT [dbo].[Pages] ([ID], [Name], [ParentID], [BaseURL], [SubURL], [PageName], [IsPublicPage], [IsApplicantPage], [IsRecruiterPage], [IsAdminPage], [IsTranslatable], [OrderID], [DataLangAttribute], [Active]) VALUES (N'R.03.1', N'Generate Report', N'R.03', N'http://localhost:52615/', N'recruiter/reports.aspx', N'reports.aspx', 0, 0, 0, 0, NULL, 1, NULL, 1)
INSERT [dbo].[Pages] ([ID], [Name], [ParentID], [BaseURL], [SubURL], [PageName], [IsPublicPage], [IsApplicantPage], [IsRecruiterPage], [IsAdminPage], [IsTranslatable], [OrderID], [DataLangAttribute], [Active]) VALUES (N'R.03.2', N'Automatic Report', N'R.03', N'http://localhost:52615/', N'recruiter/automatic-reporting.aspx?reportCode=01', N'automatic-reporting.aspx?reportCode=01', 0, 0, 0, 0, NULL, 2, NULL, 1)
INSERT [dbo].[Pages] ([ID], [Name], [ParentID], [BaseURL], [SubURL], [PageName], [IsPublicPage], [IsApplicantPage], [IsRecruiterPage], [IsAdminPage], [IsTranslatable], [OrderID], [DataLangAttribute], [Active]) VALUES (N'R.04', N'Settings', NULL, N'#', NULL, NULL, 0, 0, 1, 0, NULL, 5, NULL, 1)
INSERT [dbo].[Pages] ([ID], [Name], [ParentID], [BaseURL], [SubURL], [PageName], [IsPublicPage], [IsApplicantPage], [IsRecruiterPage], [IsAdminPage], [IsTranslatable], [OrderID], [DataLangAttribute], [Active]) VALUES (N'R.04.1', N'Site Settings', N'R.04', N'http://localhost:52615/', N'company/company-profile.aspx?mode=main', N'company-profile.aspx?mode=main', 0, 0, 1, 0, NULL, 1, NULL, 1)
INSERT [dbo].[Pages] ([ID], [Name], [ParentID], [BaseURL], [SubURL], [PageName], [IsPublicPage], [IsApplicantPage], [IsRecruiterPage], [IsAdminPage], [IsTranslatable], [OrderID], [DataLangAttribute], [Active]) VALUES (N'R.04.10', N'Disqualifier Questions', N'R.04', N'http://localhost:52615/', N'disqualifier/disqualifier-list.aspx', N'disqualifier-list.aspx', 0, 0, 1, 0, NULL, 6, NULL, 1)
INSERT [dbo].[Pages] ([ID], [Name], [ParentID], [BaseURL], [SubURL], [PageName], [IsPublicPage], [IsApplicantPage], [IsRecruiterPage], [IsAdminPage], [IsTranslatable], [OrderID], [DataLangAttribute], [Active]) VALUES (N'R.04.15', N'My Account', N'R.04', N'http://localhost:52615/', N'recruiter/my-profile.aspx', N'my-profile.aspx', 0, 0, 0, 0, NULL, 9, NULL, 0)
INSERT [dbo].[Pages] ([ID], [Name], [ParentID], [BaseURL], [SubURL], [PageName], [IsPublicPage], [IsApplicantPage], [IsRecruiterPage], [IsAdminPage], [IsTranslatable], [OrderID], [DataLangAttribute], [Active]) VALUES (N'R.04.4', N'Email Templates', N'R.04', N'http://localhost:52615/', N'email/email-list.aspx', N'email-list.aspx', 0, 0, 0, 0, NULL, 3, NULL, 0)
INSERT [dbo].[Pages] ([ID], [Name], [ParentID], [BaseURL], [SubURL], [PageName], [IsPublicPage], [IsApplicantPage], [IsRecruiterPage], [IsAdminPage], [IsTranslatable], [OrderID], [DataLangAttribute], [Active]) VALUES (N'R.04.5', N'SMS Templates', N'R.04', N'http://localhost:52615/', N'messages/message-list.aspx', N'message-list.aspx', 0, 0, 0, 0, NULL, 4, NULL, 0)
INSERT [dbo].[Pages] ([ID], [Name], [ParentID], [BaseURL], [SubURL], [PageName], [IsPublicPage], [IsApplicantPage], [IsRecruiterPage], [IsAdminPage], [IsTranslatable], [OrderID], [DataLangAttribute], [Active]) VALUES (N'R.04.6', N'Test', N'R.04', N'http://localhost:52615/', N'recruiter/test-list.aspx', N'test-list.aspx', 0, 0, 0, 0, NULL, 3, NULL, 1)
INSERT [dbo].[Pages] ([ID], [Name], [ParentID], [BaseURL], [SubURL], [PageName], [IsPublicPage], [IsApplicantPage], [IsRecruiterPage], [IsAdminPage], [IsTranslatable], [OrderID], [DataLangAttribute], [Active]) VALUES (N'R.04.7', N'Attachments', N'R.04', N'http://localhost:52615/', N'recruiter/attachment-list.aspx', N'attachment-list.aspx', 0, 0, 0, 0, NULL, 4, NULL, 1)
INSERT [dbo].[Pages] ([ID], [Name], [ParentID], [BaseURL], [SubURL], [PageName], [IsPublicPage], [IsApplicantPage], [IsRecruiterPage], [IsAdminPage], [IsTranslatable], [OrderID], [DataLangAttribute], [Active]) VALUES (N'R.04.9', N'Pipelines', N'R.04', N'http://localhost:52615/', N'pipeline/pipeline-list.aspx', N'pipeline-list.aspx', 0, 0, 1, 0, NULL, 5, NULL, 1)
INSERT [dbo].[Pages] ([ID], [Name], [ParentID], [BaseURL], [SubURL], [PageName], [IsPublicPage], [IsApplicantPage], [IsRecruiterPage], [IsAdminPage], [IsTranslatable], [OrderID], [DataLangAttribute], [Active]) VALUES (N'R.05', N'Home', NULL, N'http://localhost:52615/', N'recruiter/dashboard.aspx', N'dashboard.aspx', 0, 0, 1, 0, NULL, 1, NULL, 1)
INSERT [dbo].[Pages] ([ID], [Name], [ParentID], [BaseURL], [SubURL], [PageName], [IsPublicPage], [IsApplicantPage], [IsRecruiterPage], [IsAdminPage], [IsTranslatable], [OrderID], [DataLangAttribute], [Active]) VALUES (N'SET2', N'Positions', N'D.01', N'http://localhost:52615/', N'settings/positions.aspx', N'positions.aspx', 0, 0, 0, 1, NULL, 5, NULL, 1)
INSERT [dbo].[Pages] ([ID], [Name], [ParentID], [BaseURL], [SubURL], [PageName], [IsPublicPage], [IsApplicantPage], [IsRecruiterPage], [IsAdminPage], [IsTranslatable], [OrderID], [DataLangAttribute], [Active]) VALUES (N'SET3', N'Employment Statuses', N'D.01', N'http://localhost:52615/', N'settings/employmentstatus.aspx', N'employmentstatus.aspx', 0, 0, 0, 1, NULL, 8, NULL, 1)
INSERT [dbo].[Pages] ([ID], [Name], [ParentID], [BaseURL], [SubURL], [PageName], [IsPublicPage], [IsApplicantPage], [IsRecruiterPage], [IsAdminPage], [IsTranslatable], [OrderID], [DataLangAttribute], [Active]) VALUES (N'SET4', N'Educations', N'D.01', N'http://localhost:52615/', N'settings/educationlevels.aspx', N'educationlevels.aspx', 0, 0, 0, 1, NULL, 7, NULL, 1)
INSERT [dbo].[Pages] ([ID], [Name], [ParentID], [BaseURL], [SubURL], [PageName], [IsPublicPage], [IsApplicantPage], [IsRecruiterPage], [IsAdminPage], [IsTranslatable], [OrderID], [DataLangAttribute], [Active]) VALUES (N'SET5', N'Languages', N'D.01', N'http://localhost:52615/', N'settings/languages.aspx', N'languages.aspx', 0, 0, 0, 1, NULL, 6, NULL, 0)
INSERT [dbo].[Pages] ([ID], [Name], [ParentID], [BaseURL], [SubURL], [PageName], [IsPublicPage], [IsApplicantPage], [IsRecruiterPage], [IsAdminPage], [IsTranslatable], [OrderID], [DataLangAttribute], [Active]) VALUES (N'SET6', N'Divisions', N'D.01', N'http://localhost:52615/', N'settings/divisions.aspx', N'divisions.aspx', 0, 0, 0, 1, NULL, 2, NULL, 1)
INSERT [dbo].[Pages] ([ID], [Name], [ParentID], [BaseURL], [SubURL], [PageName], [IsPublicPage], [IsApplicantPage], [IsRecruiterPage], [IsAdminPage], [IsTranslatable], [OrderID], [DataLangAttribute], [Active]) VALUES (N'SET7', N'Departments', N'D.01', N'http://localhost:52615/', N'settings/departments.aspx', N'departments.aspx', 0, 0, 0, 1, NULL, 3, NULL, 1)
INSERT [dbo].[Pages] ([ID], [Name], [ParentID], [BaseURL], [SubURL], [PageName], [IsPublicPage], [IsApplicantPage], [IsRecruiterPage], [IsAdminPage], [IsTranslatable], [OrderID], [DataLangAttribute], [Active]) VALUES (N'SET8', N'Locations', N'D.01', N'http://localhost:52615/', N'settings/cities.aspx', N'cities.aspx', 0, 0, 0, 1, NULL, 4, NULL, 1)
